ID,IP,Country
7000,107.161.23.204,1
7001,209.141.38.71,1
7002,198.251.81.30,1
7003,5.2.77.109,2
7004,45.56.165.100,1
7005,142.234.157.195,1
7006,45.147.228.190,3
7007,2.57.90.16,4
7008,2.57.90.58,4
7009,212.8.251.190,2
7010,203.124.10.205,5
7011,103.44.63.76,5
7012,203.90.230.76,5
7013,18.211.231.38,1
7014,54.205.8.205,1
7015,54.235.77.118,1
7016,174.129.128.48,1
7017,54.220.192.176,6
7018,3.210.192.5,1
7019,54.146.248.82,1
7020,54.83.6.65,1
7021,3.229.186.102,1
7022,18.208.60.216,1
7023,54.243.238.66,1
7024,107.22.57.98,1
7025,23.22.130.173,1
7026,3.209.172.72,1
7027,54.159.116.102,1
7028,52.5.82.174,1
7029,54.228.42.199,6
7030,91.195.240.94,3
7031,91.195.240.82,3
7032,69.64.147.242,1
7033,209.58.188.49,5
7034,208.73.211.182,7
7035,107.149.215.184,1
7036,208.91.197.46,1
7037,204.11.56.48,1
7038,198.54.117.199,1
7039,198.54.117.198,1
7040,198.54.117.197,1
7041,198.54.117.200,1
7042,185.15.208.109,8
7043,52.202.22.6,1
7044,75.2.115.196,1
7045,192.161.187.200,1
7046,83.222.14.207,8
7047,190.2.152.166,2
7048,45.58.190.82,2
7049,64.32.22.102,1
7050,70.39.125.244,1
7051,168.235.88.209,1
7052,204.188.203.155,1
7053,198.251.84.92,9
7054,72.52.179.174,1
7055,185.157.78.135,10
7056,188.164.131.200,11
7057,127.0.0.1,12
7058,8.8.8.8,1
7059,69.195.129.72,1
7060,96.43.141.186,1
7061,79.142.78.111,13
7062,54.165.58.209,1
7063,23.22.144.165,1
7064,3.219.96.23,1
7065,3.216.88.24,1
7066,23.22.52.7,1
7067,34.241.115.67,6
7068,54.78.134.111,6
7069,11.23.33.44,1
7070,153.155.242.73,14
7071,153.155.81.110,14
7072,153.250.171.0,14
7073,153.158.115.67,14
7074,153.249.14.225,14
7075,153.159.238.151,14
7076,153.148.21.134,14
7077,153.251.225.1,14
7078,108.177.235.124,1
7079,5.2.73.50,2
7080,34.201.81.34,1
7081,54.224.34.30,1
7082,54.243.129.215,1
7083,54.208.186.182,1
7084,95.183.54.61,15
7085,64.188.28.10,1
7086,172.81.135.167,1
7087,85.17.31.122,2
7088,95.141.34.246,11
7089,5.79.71.205,2
7090,178.162.203.202,3
7091,178.162.203.226,3
7092,178.162.203.211,3
7093,178.162.217.107,3
7094,85.17.31.82,2
7095,5.79.71.225,2
7096,8.5.1.58,1
7097,176.107.177.9,10
7098,199.59.243.223,1
7099,76.223.26.96,1
7100,13.248.148.254,1
7101,85.94.194.169,11
7102,54.65.172.3,14
7103,46.165.199.141,3
7104,178.32.95.209,16
7105,37.59.208.91,16
7106,208.91.197.7,1
7107,95.211.172.143,2
7108,172.67.200.201,1
7109,104.21.36.229,1
7110,99.83.154.118,1
7111,185.5.55.83,17
7112,104.21.44.123,1
7113,172.67.199.189,1
7114,91.92.128.187,18
7115,34.98.99.30,1
7116,172.64.80.1,1
7117,185.5.53.142,17
7118,212.24.107.94,17
7119,34.102.136.180,1
7120,172.67.142.231,1
7121,104.21.39.35,1
7122,46.82.174.69,3
7123,123.57.70.8,5
7124,153.148.104.226,14
7125,153.148.108.225,14
7126,153.141.131.147,14
7127,153.148.31.181,14
7128,153.251.143.194,14
7129,153.251.227.250,14
7130,153.251.218.180,14
7131,153.141.128.24,14
7132,54.73.53.134,6
7133,46.137.15.86,6
7134,85.217.170.234,18
7135,198.54.117.212,1
7136,198.54.117.211,1
7137,198.54.117.218,1
7138,198.54.117.216,1
7139,198.54.117.215,1
7140,198.54.117.217,1
7141,198.54.117.210,1
7142,45.79.244.209,1
7143,172.67.136.220,1
7144,104.21.94.144,1
7145,172.67.132.160,1
7146,104.21.13.58,1
7147,5.8.88.64,8
7148,114.114.114.114,1
7149,20.190.160.1,2
7150,20.190.160.131,2
7151,20.190.160.133,2
7152,20.190.160.135,2
7153,20.190.160.3,2
7154,20.190.160.5,2
7155,20.190.160.72,2
7156,20.190.160.9,2
7157,192.168.0.1,12
7158,192.229.211.108,1
7159,20.99.133.109,1
7160,20.99.184.37,1
7161,82.221.136.1,19
7162,23.216.147.64,1
7163,23.216.147.76,1
7164,51.145.123.29,4
7165,40.119.148.38,2
7166,131.107.255.255,1
7167,37.48.77.215,2
7168,20.99.132.105,1
7169,91.193.18.248,20
7170,20.190.144.162,21
7171,20.190.144.163,21
7172,20.190.144.164,21
7173,20.80.129.13,1
7174,20.82.210.154,6
7175,40.126.16.163,21
7176,40.126.16.164,21
7177,104.86.182.8,1
7178,131.253.33.203,1
7179,20.62.24.77,1
7180,104.97.40.208,1
7181,23.216.147.23,1
7182,23.216.147.29,1
7183,23.216.147.30,1
7184,23.216.147.33,1
7185,3.219.254.13,1
7186,52.6.179.195,1
7187,95.101.28.33,4
7188,95.101.28.49,4
7189,13.107.12.50,1
7190,13.107.4.50,1
7191,192.168.0.45,12
7192,20.99.185.48,1
7193,23.40.197.137,1
7194,212.83.191.156,16
7195,52.109.12.22,1
7196,52.109.12.23,1
7197,52.109.2.0,1
7198,52.109.8.23,1
7199,52.109.88.37,2
7200,10.50.4.12,12
7201,108.177.119.138,1
7202,142.251.111.100,1
7203,142.251.111.101,1
7204,142.251.111.102,1
7205,142.251.111.113,1
7206,142.251.111.138,1
7207,142.251.111.139,1
7208,172.217.160.78,5
7209,208.80.154.224,1
7210,10.30.4.18,12
7211,52.154.209.174,1
7212,74.119.193.145,5
7213,111.225.212.226,5
7214,142.250.187.206,4
7215,172.217.164.174,1
7216,91.198.174.192,2
7217,142.251.42.238,5
7218,172.217.0.46,1
7219,173.194.79.100,1
7220,173.194.79.101,1
7221,173.194.79.102,1
7222,173.194.79.113,1
7223,10.10.104.113,12
7224,108.177.119.102,1
7225,172.253.62.100,1
7226,172.253.62.101,1
7227,172.253.62.102,1
7228,172.253.62.113,1
7229,172.253.62.138,1
7230,172.253.62.139,1
7231,125.39.194.1,5
7232,108.177.119.100,1
7233,108.177.119.101,1
7234,108.177.119.113,1
7235,108.177.119.139,1
7236,172.253.122.100,1
7237,172.253.122.101,1
7238,192.168.0.5,12
7239,20.42.73.29,1
7240,13.107.4.52,1
7241,20.50.201.200,2
7242,20.62.190.191,1
7243,52.148.82.138,22
7244,52.254.114.71,1
7245,185.25.51.6,17
7246,192.227.174.165,1
7247,51.89.251.8,4
7248,125.209.76.62,23
7249,162.216.240.173,1
7250,172.81.62.200,1
7251,185.203.119.184,18
7252,94.156.35.204,18
7253,193.37.212.216,18
7254,212.114.52.20,3
7255,45.153.241.33,3
7256,104.143.36.19,1
7257,142.202.191.234,1
7258,142.202.191.236,1
7259,78.108.216.13,3
7260,194.5.249.163,24
7261,80.82.68.132,2
7262,195.123.240.6,1
7263,31.214.240.203,3
7264,139.28.36.38,10
7266,91.195.241.136,3
7267,91.195.240.126,3
7268,95.71.1.235,8
7269,95.107.10.195,8
7270,194.58.112.173,8
7271,31.31.205.163,8
7272,194.58.112.165,8
7276,192.64.119.207,1
7277,207.204.229.178,1
7278,150.95.255.38,14
7279,58.158.177.102,14
7280,169.254.1.1,12
7282,27.105.0.225,5
7283,165.227.220.223,1
7284,219.85.116.131,5
7285,157.240.17.14,15
7286,173.236.182.137,1
7287,174.37.175.229,1
7288,31.13.76.65,21
7289,108.160.167.147,1
7290,31.13.75.12,5
7291,118.184.26.113,5
7292,162.125.80.5,14
7293,157.240.6.35,25
7294,103.228.130.27,26
7295,124.11.192.134,5
7296,35.205.61.67,27
7297,75.2.18.233,1
7298,220.136.123.56,5
7299,61.62.95.73,5
7300,27.105.10.180,5
7301,139.99.66.103,22
7302,38.79.142.66,1
7303,202.160.128.40,22
7304,157.240.0.18,1
7305,173.252.105.21,1
7306,67.214.175.69,1
7307,114.25.24.105,5
7308,23.82.12.34,1
7309,23.82.12.36,1
7310,81.171.28.44,2
7311,23.82.12.37,1
7312,23.82.12.32,1
7313,212.32.237.92,2
7314,81.171.28.46,2
7315,81.17.18.197,15
7316,192.187.111.221,1
7317,63.141.242.44,1
7318,45.76.9.206,1
7319,77.247.182.245,2
7320,216.245.213.78,1
7321,77.247.182.249,2
7322,216.245.213.76,1
7323,216.245.213.74,1
7324,216.245.213.75,1
7325,77.247.182.250,2
7326,212.32.237.91,2
7327,104.168.194.148,1
7328,198.54.117.242,1
7329,70.34.218.128,13
7330,160.121.216.72,5
7331,23.235.160.61,1
7333,139.162.55.241,22
7335,172.105.186.223,28
7336,142.11.242.192,1
7337,103.235.46.39,5
7338,220.181.111.188,5
7339,220.181.38.149,5
7340,220.181.38.150,5
7341,45.77.171.209,22
7342,104.193.88.123,1
7343,104.193.88.77,1
7344,183.232.231.172,5
7345,220.181.112.244,5
7346,45.76.228.61,1
7348,180.149.131.98,5
7349,218.85.157.99,5
7352,103.44.145.246,5
7353,103.46.128.52,5
7354,108.160.165.139,1
7355,115.29.234.127,5
7356,118.184.184.8,5
7357,120.26.12.130,5
7358,157.240.2.50,1
7359,173.252.73.48,22
7360,199.59.149.244,1
7361,101.37.15.183,5
7362,114.117.32.113,5
7363,121.40.27.1,5
7364,20.190.155.1,1
7365,20.190.155.131,1
7366,20.190.155.132,1
7367,183.232.231.173,5
7368,188.166.67.36,2
7370,114.42.238.193,5
7371,134.170.185.211,1
7372,110.242.68.4,5
7373,180.149.132.151,5
7374,114.42.243.59,5
7375,136.0.240.34,1
7376,67.198.245.246,1
7377,124.11.194.191,5
7378,124.238.253.88,5
7379,137.170.185.211,1
7380,192.168.122.228,12
7381,221.228.198.218,5
7382,223.223.182.226,5
7383,61.31.135.29,5
7384,47.91.136.105,5
7385,123.254.105.19,5
7386,192.168.122.164,12
7387,192.168.122.216,12
7388,220.181.159.75,5
7389,220.181.159.76,5
7390,192.168.122.106,12
7391,192.168.122.154,12
7392,192.168.122.158,12
7393,114.42.234.84,5
7394,192.168.122.120,12
7395,192.168.122.151,12
7396,192.168.122.182,12
7398,207.204.229.138,1
7399,114.42.229.243,5
7400,49.4.0.10,5
7401,192.168.122.160,12
7402,192.168.122.190,12
7403,192.168.122.246,12
7404,192.168.122.70,12
7405,207.148.126.90,22
7406,104.80.22.51,16
7407,2.19.194.144,2
7408,2.19.194.146,2
7409,2.19.194.163,2
7410,2.19.194.176,2
7411,35.244.242.96,1
7412,58.215.175.52,5
7413,58.215.175.53,5
7414,91.199.212.52,4
7415,82.221.129.19,19
7416,202.182.108.174,14
7417,216.238.102.51,29
7418,167.179.75.12,14
7419,45.76.219.76,14
7422,54.38.212.177,4
7423,217.182.13.226,16
7424,45.61.136.178,1
7425,45.61.136.16,1
7426,64.52.80.241,1
7427,23.106.122.12,22
7428,192.64.119.227,1
7438,51.38.206.226,16
7439,54.38.212.189,4
7440,192.64.119.82,1
7441,158.69.9.218,30
7442,193.149.176.48,1
7443,193.149.180.71,4
7444,172.105.27.61,30
7445,45.61.136.68,1
7446,193.149.129.192,2
7457,204.188.203.154,1
7458,70.39.125.243,1
7459,173.44.37.208,1
7467,91.195.240.12,3
7469,162.33.178.34,1
7470,168.100.11.9,2
7471,209.99.40.226,1
7472,89.33.246.99,24
7473,64.52.80.107,1
7474,178.32.187.42,16
7475,162.33.179.213,1
7476,162.33.179.239,1
7479,45.61.136.197,1
7480,162.33.177.33,1
7481,64.52.80.88,1
7482,172.86.75.210,2
7483,188.34.181.5,3
7484,64.52.80.168,1
7485,162.33.179.151,1
7486,193.149.180.160,4
7487,81.17.30.44,15
7488,192.64.119.135,1
7489,45.61.136.139,1
7490,45.61.136.199,1
7491,162.33.178.6,1
7492,217.182.13.234,16
7493,224.0.0.252,12
7494,51.195.211.91,4
7496,20.50.102.62,4
7501,54.38.212.185,4
7502,92.123.143.233,4
7503,35.227.207.240,1
7504,81.17.30.41,15
7505,93.184.220.29,1
7507,192.168.0.64,12
7508,23.195.105.177,1
7509,23.195.105.144,1
7510,192.168.0.80,12
7511,209.197.3.8,1
7512,23.202.229.49,2
7513,23.202.229.57,2
7516,104.107.161.181,3
7517,104.18.30.182,1
7518,104.18.31.182,1
7519,2.21.242.213,3
7520,20.101.57.9,2
7522,210.192.117.42,5
7523,23.10.249.49,15
7524,23.201.197.32,3
7526,95.101.28.59,4
7527,20.189.173.21,1
7528,192.168.0.195,12
7529,192.168.0.24,12
7531,80.255.3.67,3
7532,104.80.89.66,1
7533,192.168.0.14,12
7535,185.224.83.16,2
7536,20.231.70.194,1
7537,52.109.124.115,22
7538,52.109.124.153,22
7539,52.109.124.155,22
7540,52.109.77.2,6
7541,192.168.0.54,12
7542,108.177.119.94,1
7543,108.177.119.95,1
7544,108.177.126.101,1
7545,108.177.127.102,1
7546,108.177.127.138,1
7547,108.177.127.188,1
7548,108.177.127.95,1
7549,108.177.15.188,1
7550,142.250.110.188,1
7551,142.250.115.188,1
7554,108.177.126.103,1
7555,108.177.126.106,1
7556,108.177.126.95,1
7557,108.177.126.99,1
7558,108.177.127.94,1
7560,108.177.126.132,1
7561,142.250.145.139,1
7562,142.250.145.95,1
7563,20.126.106.131,2
7564,23.3.104.114,14
7565,23.32.248.208,14
7566,23.33.33.131,14
7567,23.33.33.179,14
7568,52.109.13.62,1
7569,52.109.56.83,31
7570,52.111.232.5,14
7571,168.100.9.216,2
7572,52.109.44.89,21
7573,122.228.255.191,5
7574,122.228.255.199,5
7575,122.228.255.204,5
7576,123.96.93.199,5
7577,123.96.93.75,5
7578,142.250.179.78,1
7579,142.251.16.100,1
7580,142.251.16.101,1
7581,142.251.16.102,1
7582,142.251.16.113,1
7583,104.18.32.68,1
7584,172.64.155.188,1
7586,104.103.65.218,32
7587,104.97.41.163,1
7589,142.250.145.132,1
7590,142.250.69.193,1
7591,172.217.14.238,1
7592,173.194.222.194,32
7594,208.111.179.129,1
7595,108.177.126.102,1
7596,108.177.127.132,1
7597,135.181.96.102,32
7598,142.250.145.102,1
7600,108.177.126.139,1
7601,142.250.178.10,4
7602,142.250.179.234,4
7603,142.250.180.10,4
7604,142.250.180.3,4
7605,142.250.187.196,4
7606,146.70.29.251,22
7607,91.189.91.42,1
7608,91.189.91.43,1
7609,104.117.175.139,4
7610,104.88.107.45,4
7611,13.107.213.64,1
7612,13.107.246.64,1
7613,142.250.178.14,4
7614,142.250.187.195,4
7615,142.250.187.202,4
7616,142.250.179.225,4
7617,142.250.179.238,4
7619,142.250.187.234,4
7620,64.52.80.246,1
7621,162.33.178.147,1
7622,168.100.8.124,2
7623,5.135.199.0,16
7624,185.109.144.102,3
7625,42.192.53.5,5
7626,142.93.12.211,1
7627,23.83.133.141,1
7628,66.154.103.106,1
7629,131.153.22.218,2
7630,51.38.85.227,4
7631,37.120.198.208,4
7632,37.48.122.145,2
7633,45.147.229.93,3
7635,204.16.247.103,1
7636,108.177.235.105,1
7637,52.4.209.250,1
7638,18.215.128.143,1
7639,18.213.250.117,1
7640,206.189.61.126,3
7642,195.108.238.129,2
7643,124.217.253.65,33
7644,154.221.139.48,5
7647,184.168.221.84,1
7648,184.168.221.64,1
7649,184.168.221.86,1
7651,142.252.22.9,1
7652,23.27.179.61,1
7653,134.119.176.20,16
7654,192.155.108.147,1
7655,5.56.135.202,34
7656,72.52.179.175,1
7657,50.63.202.76,1
7658,184.168.221.93,1
7659,184.168.221.83,1
7660,184.168.221.87,1
7661,50.63.202.94,1
7662,50.63.202.84,1
7664,81.17.29.150,15
7665,50.63.202.88,1
7666,184.168.221.77,1
7667,184.168.221.66,1
7668,159.89.200.38,22
7669,156.245.64.124,5
7670,173.232.86.53,1
7671,199.59.243.222,1
7672,104.207.55.75,3
7673,45.38.174.63,22
7674,107.175.190.165,1
7675,107.174.107.111,1
7676,104.21.53.253,1
7677,172.67.221.171,1
7678,104.24.97.9,1
7679,104.24.96.9,1
7680,207.158.58.102,1
7681,104.196.1.106,1
7685,208.100.26.245,1
7686,208.100.26.234,1
7687,208.100.26.251,1
7688,208.100.26.238,1
7689,154.38.100.177,1
7690,154.38.100.132,1
7691,23.230.82.210,1
7692,107.174.124.94,1
7693,50.63.202.91,1
7694,184.168.221.79,1
7695,204.11.56.46,1
7696,141.8.226.14,1
7697,80.77.4.20,4
7698,155.138.215.38,1
7700,184.168.221.76,1
7701,45.79.156.130,1
7702,208.100.26.250,1
7704,184.168.221.91,1
7705,50.63.202.68,1
7706,184.168.221.67,1
7707,50.63.202.86,1
7708,50.63.202.87,1
7709,184.168.221.75,1
7710,212.32.237.101,2
7713,63.141.242.46,1
7715,192.187.111.220,1
7716,81.17.29.146,15
7717,192.187.111.222,1
7718,81.17.18.194,15
7719,107.149.79.201,1
7720,195.22.26.248,35
7722,50.63.202.83,1
7724,184.168.221.94,1
7726,47.245.10.59,14
7727,107.183.104.21,9
7728,108.187.222.190,1
7729,50.63.202.90,1
7730,184.168.221.90,1
7731,50.63.202.70,1
7732,50.63.202.77,1
7733,184.168.221.82,1
7734,64.76.82.52,25
7735,182.61.201.50,5
7736,182.61.201.91,5
7737,182.61.201.90,5
7738,182.61.201.92,5
7739,210.81.52.120,14
7740,91.195.240.69,3
7741,104.247.81.53,30
7742,86.105.245.69,2
7743,52.0.217.44,1
7744,212.177.108.193,11
7745,196.40.84.11,36
7746,3.239.9.69,1
7747,52.203.227.224,1
7748,3.209.253.56,1
7749,34.203.94.153,1
7750,52.20.190.136,1
7751,54.159.99.78,1
7752,52.21.188.158,1
7753,192.64.147.152,1
7754,199.59.242.151,1
7755,124.217.253.68,33
7756,201.218.238.138,37
7757,97.74.104.208,1
7758,200.115.174.254,37
7761,103.205.177.229,23
7762,104.238.80.237,1
7763,113.52.135.33,5
7764,124.150.175.129,38
7765,124.150.175.133,38
7766,138.197.140.163,30
7767,142.93.87.198,1
7768,143.95.101.72,1
7769,152.169.32.143,39
7770,157.7.164.178,14
7771,103.29.217.39,28
7772,104.47.0.36,32
7773,104.47.1.36,40
7774,104.47.10.36,6
7775,104.47.2.33,6
7776,104.47.2.36,6
7777,104.47.49.36,1
7778,104.47.50.36,1
7779,108.163.228.170,1
7780,103.68.165.70,28
7781,104.31.66.68,1
7782,104.47.0.33,32
7783,104.47.1.33,40
7784,104.47.12.33,6
7785,104.47.6.33,40
7786,104.47.8.33,2
7787,108.177.14.27,32
7788,108.177.15.26,1
7789,111.161.64.40,5
7790,104.47.10.33,6
7791,104.47.9.33,40
7792,106.10.248.73,22
7793,116.50.57.190,22
7794,125.7.87.116,28
7795,103.3.62.54,22
7796,110.110.110.0,5
7797,110.110.110.1,5
7798,119.188.198.99,5
7799,13.89.179.12,1
7800,139.162.58.189,22
7801,139.162.71.92,14
7802,139.162.74.150,14
7803,139.162.91.38,14
7804,118.184.176.22,5
7805,101.0.102.238,28
7806,101.0.65.174,28
7807,101.100.204.46,22
7808,101.50.1.32,41
7809,103.117.180.5,31
7810,103.117.212.202,31
7811,103.131.51.13,41
7812,103.137.185.49,42
7813,103.195.185.115,31
7814,103.38.11.18,28
7815,10.0.18.1,12
7816,10.0.18.10,12
7817,10.0.18.2,12
7818,10.0.18.3,12
7819,10.0.18.4,12
7820,10.0.18.5,12
7821,10.0.18.6,12
7822,10.0.18.7,12
7823,10.0.18.8,12
7824,10.0.18.9,12
7825,192.0.0.0,12
7826,192.0.0.1,12
7827,192.0.0.10,12
7828,192.0.0.100,12
7829,192.0.0.101,12
7830,192.0.0.102,12
7831,192.0.0.103,12
7832,192.0.0.104,12
7833,192.0.0.105,12
7834,192.0.0.106,12
7836,192.168.0.110,12
7837,192.168.0.60,12
7838,192.168.122.1,12
7841,192.168.122.130,12
7842,192.168.122.149,12
7845,192.168.122.165,12
7846,192.168.122.171,12
7849,154.212.179.152,5
7852,209.99.40.222,1
7853,91.229.77.192,10
7854,75.2.37.224,1
7855,99.81.40.78,6
7858,18.205.205.44,1
7859,3.208.210.152,1
7860,52.204.115.106,1
7861,54.198.39.102,1
7862,112.253.30.50,5
7864,107.21.220.216,1
7865,18.210.135.215,1
7866,3.232.66.193,1
7867,52.23.88.112,1
7870,216.107.152.223,1
7871,46.183.222.84,43
7873,128.14.28.50,1
7874,130.61.69.238,3
7875,192.168.188.1,12
7876,192.169.113.226,22
7877,206.237.163.202,1
7878,23.236.110.82,3
7879,139.162.58.101,22
7880,185.125.188.58,4
7881,34.149.204.188,1
7888,23.223.246.32,1
7889,255.255.255.255,12
7891,20.40.136.238,16
7892,208.67.220.220,1
7893,208.67.222.222,1
7894,93.184.221.240,1
7895,206.124.7.55,1
7896,20.103.253.93,2
7897,87.248.202.1,2
7899,40.119.249.228,22
7900,8.238.62.126,4
7903,239.255.255.250,12
7906,66.85.185.126,1
7907,101.55.121.47,21
7908,118.193.212.61,5
7910,58.64.183.92,5
7911,5.178.43.34,11
7912,5.178.43.41,11
7913,54.171.230.55,6
7914,72.247.184.51,1
7915,72.247.184.57,1
7916,72.247.184.64,1
7917,72.247.184.75,1
7918,72.247.184.83,1
7919,111.21.125.234,5
7920,169.254.169.254,12
7921,185.125.190.27,4
7922,107.23.110.216,1
7923,13.32.192.160,1
7924,13.32.192.166,1
7925,13.32.192.179,1
7926,13.32.192.213,1
7927,205.185.216.42,1
7928,34.203.4.215,1
7929,50.17.184.26,1
7930,20.82.209.183,6
7935,142.250.200.14,4
7936,142.250.200.3,4
7937,142.250.200.42,4
7938,142.251.163.105,1
7939,172.217.169.36,4
7940,172.217.169.42,4
7941,111.170.26.43,5
7942,180.97.104.236,5
7943,180.97.104.55,5
7944,20.31.108.18,2
7945,23.205.37.177,44
7946,5.255.86.129,2
7947,206.189.85.162,22
7948,141.94.11.52,16
7949,5.187.51.214,20
7950,172.93.165.105,5
7951,23.106.122.18,22
7952,82.148.14.166,8
7953,86.105.18.241,2
7954,104.237.218.74,1
7955,185.47.128.79,26
7956,45.32.56.183,14
7957,51.255.58.135,16
7958,210.16.100.77,1
7959,104.216.33.80,1
7960,83.149.110.52,2
7961,5.79.75.210,2
7962,221.219.213.178,5
7963,185.225.19.100,24
7964,125.227.64.158,5
7965,193.36.119.141,5
7966,193.36.119.47,5
7967,139.162.109.114,14
7968,103.114.161.122,1
7969,185.174.101.13,1
7970,185.157.79.134,10
7971,45.76.106.146,14
7972,5.149.254.19,2
7973,95.168.191.35,4
7974,45.61.136.65,1
7975,45.61.136.166,1
7976,165.22.245.198,22
7977,158.69.30.202,30
7978,176.107.185.4,10
7979,94.177.123.137,8
7980,5.104.110.170,3
7981,77.245.76.66,4
7982,207.148.86.229,28
7983,103.68.251.31,42
7984,213.227.154.146,2
7985,37.220.31.93,4
7986,198.50.234.111,30
7987,66.85.157.73,1
7988,109.248.144.60,13
7989,109.248.149.96,43
7990,176.107.179.211,10
7991,185.174.102.44,1
7992,43.254.132.117,45
7993,43.254.132.212,45
7994,167.88.180.198,1
7995,94.156.175.181,18
7996,193.35.224.250,1
7997,144.217.221.144,30
7998,94.242.61.186,8
8000,185.7.33.56,13
8001,194.36.191.196,2
8002,82.221.136.47,19
8003,203.124.44.180,23
8004,210.56.9.36,23
8005,23.227.38.74,30
8006,203.82.48.219,23
8007,23.227.38.65,30
8008,104.238.35.18,1
8009,23.106.122.149,22
8010,185.243.112.42,2
8020,91.223.82.6,2
8022,172.105.103.207,30
8023,172.93.201.143,1
8024,204.16.247.51,1
8025,74.118.138.137,1
8026,2.57.89.167,2
8036,185.244.151.84,24
8037,74.119.239.234,1
8038,46.249.49.142,2
8039,45.141.152.18,3
8040,82.221.129.68,19
8041,82.221.129.16,19
8042,45.11.19.170,3
8043,162.0.232.109,1
8046,13.107.39.203,1
8048,192.168.0.43,12
8056,192.52.167.111,1
8061,192.168.0.30,12
8062,192.168.0.51,12
8063,192.168.0.59,12
8064,192.168.0.68,12
8065,192.168.0.8,12
8067,64.44.131.109,1
8069,52.251.79.25,1
8071,1.1.1.1,28
8072,104.99.26.106,44
8073,115.231.41.43,5
8074,20.189.173.20,1
8075,20.190.144.160,21
8076,20.190.144.161,21
8078,20.190.144.165,21
8079,20.190.163.18,22
8084,40.119.6.228,1
8086,162.222.215.92,1
8087,178.32.232.2,16
8088,142.250.125.95,1
8089,172.217.219.136,1
8090,173.194.192.136,1
8091,173.194.192.190,1
8092,173.194.192.93,1
8093,173.194.193.93,1
8094,173.194.194.136,1
8095,173.194.194.190,1
8096,173.194.194.91,1
8097,108.177.112.136,1
8098,108.177.112.190,1
8099,108.177.112.91,1
8100,108.177.112.93,1
8101,142.250.128.136,1
8102,142.250.128.190,1
8103,142.250.128.93,1
8104,142.250.136.95,1
8105,172.217.212.136,1
8106,172.217.212.190,1
8107,23.111.184.119,1
8108,79.141.168.109,5
8111,20.190.155.16,1
8112,20.190.155.2,1
8113,20.190.155.3,1
8114,20.190.155.65,1
8115,20.190.155.66,1
8116,20.190.155.67,1
8118,108.160.166.148,1
8120,162.222.215.90,1
8121,199.96.62.41,1
8123,188.215.229.19,2
8124,23.216.147.62,1
8125,104.18.42.28,1
8129,108.177.127.139,1
8131,13.32.151.102,1
8132,13.32.151.29,1
8133,13.32.151.57,1
8134,13.32.151.83,1
8135,172.253.122.104,1
8136,142.250.178.138,16
8137,142.250.179.106,16
8138,142.250.179.170,2
8139,142.250.179.74,16
8140,142.250.201.170,16
8141,142.250.74.234,16
8142,142.250.75.234,16
8143,142.251.39.106,2
8144,172.217.18.202,16
8145,172.217.19.234,16
8146,193.142.58.238,24
8147,104.18.30.112,1
8148,104.18.31.112,1
8149,99.86.186.102,1
8150,99.86.186.70,1
8151,99.86.186.84,1
8152,99.86.186.94,1
8153,104.18.32.125,1
8154,142.251.45.106,1
8155,172.253.115.103,1
8156,172.64.155.131,1
8157,18.67.65.102,1
8158,18.67.65.4,1
8159,18.67.65.43,1
8160,18.67.65.70,1
8161,93.123.73.193,18
8162,93.123.73.198,18
8166,81.17.18.198,15
8168,89.248.168.219,2
8169,153.92.0.100,1
8170,31.170.162.103,1
8173,147.124.223.140,1
8174,23.106.123.49,22
8175,110.42.64.137,5
8176,72.11.134.216,1
8177,185.117.73.195,2
8178,192.236.249.173,2
8179,94.140.114.22,43
8180,51.255.3.62,16
8181,23.82.189.4,1
8182,23.152.0.221,1
8183,23.83.133.128,1
8184,193.142.58.38,24
8185,160.20.147.231,3
8186,193.142.58.186,24
8187,144.91.65.101,3
8188,23.226.135.100,1
8189,23.226.136.100,1
8190,23.82.141.164,1
8191,82.221.136.27,19
8192,162.213.251.226,1
8193,162.0.229.203,1
8194,82.221.136.4,19
8195,63.250.38.240,1
8196,162.222.215.134,1
8200,209.99.40.223,1
8201,5.39.217.27,2
8202,167.114.35.70,30
8203,109.105.198.65,1
8204,188.191.106.77,46
8205,62.113.238.153,3
8206,185.225.226.61,10
8207,85.239.54.245,1
8208,45.61.139.193,4
8209,193.149.187.204,4
8210,193.239.84.240,4
8211,104.248.240.109,3
8212,168.100.11.183,2
8213,44.196.249.191,1
8214,52.54.226.150,1
8215,52.54.90.228,1
8216,3.93.32.35,1
8217,35.172.39.147,1
8218,54.163.102.189,1
8219,54.167.42.229,1
8220,52.73.65.25,1
8221,54.165.155.85,1
8222,54.242.74.253,1
8223,13.107.42.12,1
8224,13.107.43.12,1
8225,13.105.66.144,2
8226,13.104.158.179,2
8228,103.224.212.222,1
8236,104.239.157.210,1
8237,23.253.126.58,1
8239,52.45.178.122,1
8241,188.241.118.164,24
8242,54.36.134.247,16
8243,85.204.124.77,24
8244,142.252.22.129,1
8245,146.148.124.166,27
8246,72.14.178.174,1
8247,45.33.18.44,1
8248,45.79.19.196,1
8249,45.33.30.197,1
8250,173.255.194.134,1
8251,45.33.23.183,1
8252,45.33.2.79,1
8253,45.56.79.23,1
8254,96.126.123.244,1
8255,45.33.20.235,1
8256,13.40.77.34,4
8257,18.133.249.238,4
8258,18.133.64.148,4
8259,13.40.128.187,4
8260,52.56.46.26,4
8261,13.41.112.159,4
8262,172.67.178.225,1
8263,104.21.17.243,1
8264,195.8.106.70,20
8265,195.8.106.162,20
8266,195.8.106.34,20
8267,162.241.216.236,1
8268,43.255.154.55,22
8269,103.21.58.28,31
8270,104.24.115.143,1
8271,104.24.114.143,1
8272,162.144.51.136,1
8273,194.67.71.63,8
8274,45.146.165.91,8
8275,45.146.164.37,8
8277,194.67.71.67,8
8278,194.58.112.174,8
8279,194.67.71.47,8
8280,46.17.104.120,8
8281,176.113.115.133,8
8283,194.67.71.137,8
8284,194.67.71.155,8
8285,194.67.71.136,8
8286,194.67.71.131,8
8287,194.67.71.158,8
8288,194.67.71.61,8
8289,23.226.179.43,5
8290,23.226.179.42,5
8291,23.226.179.44,5
8292,23.226.179.46,5
8294,195.128.123.215,8
8295,95.143.218.55,8
8297,46.151.156.102,8
8301,104.42.151.234,1
8302,13.107.22.200,1
8303,13.107.47.80,1
8304,13.88.21.125,1
8305,131.253.33.200,1
8306,198.105.125.74,1
8308,20.190.155.130,1
8311,104.18.100.194,1
8312,104.18.101.194,1
8313,104.18.102.194,1
8314,104.18.98.194,1
8315,104.18.99.194,1
8316,104.19.132.78,1
8317,104.19.133.78,1
8318,104.19.134.78,1
8319,104.19.135.78,1
8320,104.19.136.78,1
8321,185.86.149.223,13
8322,13.107.21.200,1
8323,13.107.5.80,1
8324,13.107.6.158,1
8325,204.79.197.200,1
8326,40.70.158.46,1
8329,104.22.0.232,1
8330,104.22.1.232,1
8331,151.101.112.133,3
8332,151.101.12.133,3
8333,172.67.8.238,1
8335,51.103.66.128,16
8336,104.247.82.50,30
8337,72.21.91.29,1
8339,104.208.16.93,1
8340,13.107.42.16,1
8341,172.16.255.255,12
8343,20.118.138.130,1
8346,208.111.186.128,1
8347,23.78.9.173,1
8348,185.86.149.54,13
8350,20.99.186.246,1
8351,185.199.108.133,1
8352,185.199.109.133,1
8353,185.199.110.133,1
8354,185.199.111.133,1
8357,192.35.177.64,1
8358,209.99.40.219,1
8360,46.21.147.71,2
8361,64.225.91.73,1
8362,200.106.145.122,29
8363,23.227.196.217,1
8366,216.245.214.83,1
8367,20.190.159.0,6
8368,20.190.159.2,6
8369,20.190.159.4,6
8370,20.190.159.64,6
8371,20.190.159.71,6
8372,20.190.159.75,6
8373,40.126.31.69,6
8374,40.126.31.73,6
8375,185.144.82.239,24
8376,38.26.175.29,1
8377,86.106.131.54,3
8378,104.21.35.189,1
8379,104.21.53.120,1
8380,172.67.178.213,1
8381,172.67.212.163,1
8382,93.113.131.103,47
8383,216.189.145.11,1
8384,40.81.188.85,14
8385,103.73.64.115,28
8386,104.26.15.73,1
8387,145.14.144.124,1
8388,145.14.144.136,1
8389,145.14.144.143,1
8390,145.14.144.206,1
8391,145.14.144.245,1
8392,145.14.144.34,1
8393,145.14.144.41,1
8394,145.14.144.79,1
8395,193.38.55.131,2
8396,185.25.51.38,17
8397,109.248.148.42,43
8398,86.106.131.141,3
8399,23.163.0.59,1
8400,69.16.243.33,1
8401,146.185.253.132,2
8402,5.104.105.195,3
8403,169.239.129.121,48
8404,188.214.30.76,24
8405,77.83.247.81,32
8406,158.58.173.40,11
8407,193.29.187.60,24
8408,195.154.250.89,16
8409,93.115.28.161,17
8410,185.233.185.21,10
8411,185.141.63.47,18
8412,192.145.125.42,3
8413,45.6.16.68,29
8414,95.141.36.180,11
8415,5.149.253.45,30
8416,80.255.3.94,3
8417,194.33.40.72,49
8418,176.31.225.204,16
8419,213.226.100.140,49
8420,193.56.28.25,4
8421,34.243.239.199,6
8422,195.191.235.155,20
8423,185.205.209.172,18
8424,194.32.78.245,16
8425,31.7.62.103,15
8426,185.216.35.26,50
8427,89.34.111.160,3
8432,198.54.115.57,1
8434,52.25.92.0,1
8440,178.128.69.132,1
8441,198.54.121.192,1
8442,104.219.248.101,1
8443,93.185.166.200,2
8445,160.153.162.17,2
8446,107.180.20.91,1
8453,162.0.235.186,1
8454,198.54.115.49,1
8455,188.33.154.104,20
8456,217.217.62.154,26
8457,213.244.123.150,51
8458,5.252.23.99,52
8459,45.153.231.111,8
8461,154.195.73.167,14
8462,156.226.115.57,5
8463,154.85.227.157,5
8464,192.169.6.159,1
8465,80.251.18.108,4
8466,185.56.136.50,2
8468,194.126.175.2,2
8469,199.188.206.78,1
8471,185.224.138.68,2
8472,185.212.70.25,1
8473,192.64.117.218,1
8474,198.187.29.28,1
8475,199.59.242.153,1
8476,3.64.163.50,3
8477,52.58.78.16,3
8478,72.52.178.23,1
8479,192.64.116.6,1
8480,63.250.44.50,1
8481,199.188.203.6,1
8482,68.65.122.51,1
8483,68.65.122.53,1
8484,194.195.211.26,1
8485,79.133.41.250,3
8486,198.54.120.243,1
8487,66.29.141.2,1
8488,188.40.75.132,3
8489,104.131.53.172,1
8491,188.40.106.84,3
8492,46.228.47.115,6
8493,66.220.152.19,1
8494,74.125.136.105,1
8495,216.58.210.4,32
8496,46.228.47.114,6
8497,107.170.254.89,1
8498,66.220.156.2,1
8499,74.125.133.105,1
8500,173.194.40.116,1
8501,206.189.45.148,22
8502,104.18.10.207,1
8503,104.18.11.207,1
8504,13.107.3.128,1
8505,180.163.150.33,5
8507,52.109.120.19,5
8508,52.109.6.5,1
8509,52.109.88.36,2
8510,52.114.132.22,1
8511,52.114.32.24,14
8512,172.253.63.105,1
8515,108.177.127.103,1
8516,108.177.127.104,1
8517,108.177.127.105,1
8518,108.177.127.147,1
8520,108.177.127.99,1
8521,108.177.96.94,1
8523,45.147.231.150,3
8528,192.168.0.39,12
8531,108.177.111.95,1
8532,108.177.112.95,1
8533,108.177.120.95,1
8534,108.177.121.104,1
8535,108.177.121.95,1
8536,142.250.1.95,1
8537,142.250.103.94,1
8538,142.250.103.95,1
8539,142.250.128.95,1
8540,142.250.136.188,1
8542,52.168.117.173,1
8543,52.182.143.212,1
8549,20.190.159.23,6
8551,20.190.159.73,6
8555,124.238.245.230,5
8557,20.223.130.133,6
8558,20.223.225.174,6
8559,20.224.151.203,2
8560,20.224.201.79,2
8561,20.224.254.73,2
8562,20.25.84.51,1
8563,142.250.102.188,2
8564,142.250.27.188,2
8565,172.217.9.206,1
8566,172.253.120.188,1
8567,104.95.180.134,4
8568,107.22.247.231,1
8569,18.207.85.246,1
8570,184.31.224.145,4
8571,23.210.215.97,5
8572,23.216.147.134,1
8573,23.216.147.157,1
8574,23.44.160.10,1
8577,52.109.0.73,1
8578,52.109.12.24,1
8579,52.109.13.31,1
8581,52.109.2.142,1
8582,52.109.20.80,1
8583,52.109.20.87,1
8584,52.109.4.32,1
8585,139.59.250.183,22
8586,142.250.178.4,4
8587,142.250.179.100,1
8588,142.250.179.68,16
8589,142.250.180.14,4
8590,142.250.200.10,4
8593,172.217.16.131,3
8594,172.217.16.234,4
8595,184.26.43.82,14
8596,184.26.43.89,14
8598,184.27.185.82,14
8599,52.109.13.64,1
8600,52.109.2.151,1
8601,52.109.88.40,2
8602,93.185.166.20,2
8613,198.252.108.107,1
8614,15.197.130.221,1
8615,192.36.41.43,43
8616,5.45.84.145,2
8617,192.36.27.214,53
8618,158.255.211.88,40
8619,5.230.70.47,3
8620,179.43.149.132,11
8621,208.91.197.91,1
8622,5.230.73.28,3
8623,138.201.79.102,3
8624,194.68.225.145,18
8625,158.255.215.170,16
8627,5.230.72.213,3
8631,5.230.72.126,3
8632,194.85.61.76,8
8633,109.70.26.37,8
8634,185.174.133.54,13
8635,95.217.166.128,32
8636,5.189.159.114,3
8637,5.230.72.187,3
8638,35.186.238.101,1
8639,91.195.241.137,3
8640,184.168.131.241,1
8643,50.63.202.49,1
8644,179.43.149.152,11
8646,185.117.90.198,2
8647,198.252.108.18,1
8648,212.87.212.161,3
8649,185.117.91.141,2
8650,5.230.68.190,3
8651,162.255.119.189,1
8652,185.53.178.53,3
8653,5.230.71.199,3
8654,185.83.214.222,47
8655,98.142.254.11,2
8656,185.255.121.5,3
8657,151.236.17.104,3
8658,5.230.68.242,3
8659,162.255.119.98,1
8660,64.190.63.111,3
8661,70.32.1.32,1
8662,170.178.168.203,1
8663,103.224.182.210,1
8664,104.28.8.254,30
8665,104.28.9.254,16
8666,193.200.17.176,20
8667,5.230.71.6,3
8669,74.125.196.113,1
8670,13.41.77.98,4
8671,95.179.143.212,2
8673,116.122.223.161,21
8674,104.18.27.28,1
8675,184.24.77.48,3
8676,184.24.77.69,3
8677,184.30.21.171,3
8680,20.224.224.21,2
8681,20.234.90.154,6
8682,208.111.186.140,1
8685,173.222.211.130,4
8687,146.190.235.137,2
8694,23.59.188.113,1
8698,116.203.134.221,3
8700,52.109.12.21,1
8702,52.109.20.75,1
8703,52.109.88.38,2
8704,104.78.176.172,4
8708,203.124.42.75,23
8709,23.219.196.131,4
8710,23.22.254.206,1
8711,104.109.143.11,2
8712,104.109.143.29,2
8713,104.80.224.135,2
8714,104.85.0.137,2
8717,20.231.69.218,1
8718,20.231.71.84,1
8719,20.42.65.92,1
8721,5.230.67.191,3
8723,52.109.76.33,6
8724,52.109.76.35,6
8726,104.18.26.28,1
8727,2.20.110.131,24
8728,20.126.111.161,2
8731,5.255.104.32,2
8732,104.108.191.230,3
8733,173.222.211.107,4
8734,184.50.117.217,3
8735,23.201.197.33,3
8736,104.110.244.169,4
8737,104.116.252.138,4
8739,104.85.0.22,2
8740,13.107.42.23,1
8741,13.107.5.88,1
8742,20.190.159.132,6
8743,20.190.159.136,6
8744,40.126.31.1,6
8745,40.126.31.135,6
8746,40.126.31.139,6
8747,40.126.31.4,6
8748,103.149.46.237,22
8749,2.16.100.112,3
8750,23.211.9.92,3
8752,104.123.50.106,16
8754,23.200.213.221,16
8758,52.109.8.22,1
8760,52.109.8.25,1
8761,52.109.88.39,2
8762,104.110.191.133,2
8763,184.24.77.62,3
8764,23.45.105.185,3
8765,104.84.250.230,4
8766,104.86.110.234,4
8767,104.86.110.243,4
8768,2.18.85.172,4
8769,23.55.163.57,3
8770,185.225.17.46,24
8771,208.111.186.0,1
8772,23.10.0.36,14
8773,23.32.241.66,14
8774,23.32.241.91,14
8775,23.55.163.48,3
8776,23.55.163.58,3
8777,23.55.163.73,3
8778,23.62.46.4,1
8779,23.62.46.7,1
8780,52.109.32.24,4
8782,185.243.115.154,3
8784,52.109.76.34,6
8785,52.109.76.36,6
8786,69.28.165.0,1
8787,8.252.174.126,1
8788,104.96.196.134,4
8790,210.56.28.156,23
8791,34.193.227.236,1
8792,5.230.73.29,3
8793,52.109.88.177,2
8794,92.123.140.146,4
8795,103.199.16.30,42
8796,208.111.177.0,1
8797,208.111.177.128,1
8799,184.24.77.47,3
8800,23.10.249.161,15
8802,168.61.215.74,1
8803,184.150.163.49,30
8804,23.213.190.123,30
8805,23.34.221.128,30
8806,104.81.116.49,20
8807,2.16.172.11,20
8808,23.59.85.133,20
8809,172.93.165.78,5
8811,185.163.45.92,49
8812,173.249.18.251,3
8813,185.163.45.56,49
8815,136.144.41.177,44
8816,46.30.189.247,3
8817,45.159.48.19,14
8818,45.86.163.115,3
8819,91.208.52.217,2
8820,185.163.45.46,49
8821,198.252.108.29,1
8822,5.2.70.111,2
8823,45.155.173.197,3
8824,91.208.52.78,2
8825,185.225.17.227,24
8826,193.142.58.139,24
8827,45.147.228.127,3
8828,185.248.100.149,8
8829,92.118.190.160,3
8830,5.182.206.168,3
8831,92.118.190.118,3
8832,45.138.172.23,3
8833,45.159.48.22,14
8834,212.83.46.184,3
8835,62.113.255.106,3
8836,185.225.19.142,24
8837,213.170.133.190,2
8838,83.171.239.231,3
8839,46.30.188.169,2
8840,5.2.75.227,2
8841,94.158.245.204,49
8842,45.86.163.49,3
8843,190.211.254.170,11
8844,185.225.17.85,24
8845,91.208.52.215,2
8846,5.252.179.18,8
8847,94.158.245.188,49
8848,92.118.190.122,3
8849,185.163.45.42,49
8850,185.158.114.118,8
8851,103.25.60.137,5
8852,185.243.112.90,2
8853,134.255.235.156,3
8854,203.9.150.233,5
8855,104.128.189.34,1
8856,5.181.156.107,49
8857,213.170.133.173,2
8858,94.158.245.32,49
8859,193.19.119.141,8
8871,198.58.118.167,1
8872,72.14.185.43,1
8873,154.26.212.56,1
8874,45.199.30.82,5
8875,45.136.119.180,1
8883,3.130.204.160,1
8884,3.130.253.23,1
8885,3.140.13.188,1
8886,54.209.32.212,1
8887,52.71.57.184,1
8888,3.18.7.81,1
8889,3.94.41.167,1
8890,3.19.116.195,1
8891,18.119.154.66,1
8892,54.161.222.85,1
8894,13.58.168.69,1
8895,3.139.183.122,1
8896,3.133.163.136,1
8897,3.143.123.90,1
8898,18.116.232.141,1
8899,3.143.65.214,1
8900,52.14.32.15,1
8901,13.59.53.244,1
8902,3.12.202.18,1
8903,104.21.58.43,1
8904,172.67.200.53,1
8906,45.61.161.150,2
8907,162.219.248.103,1
8908,173.236.22.162,1
8909,104.130.124.96,1
8910,213.186.33.87,16
8911,193.30.228.23,18
8912,92.63.129.107,4
8913,125.7.152.55,21
8914,125.7.152.155,21
8915,193.30.228.235,18
8916,193.30.228.231,18
8917,193.30.228.232,18
8918,193.30.228.234,18
8919,193.30.228.233,18
8920,193.30.228.29,18
8921,194.146.59.71,54
8922,78.128.76.229,18
8923,78.142.63.38,18
8924,172.67.190.233,1
8925,104.27.165.143,1
8926,104.27.164.143,1
8927,69.90.162.250,30
8928,192.185.51.87,1
8929,185.212.108.137,55
8930,144.76.138.8,3
8931,176.9.23.234,3
8932,195.130.35.130,55
8933,195.130.35.133,55
8934,23.81.246.193,1
8936,173.194.35.1,1
8938,104.26.6.37,1
8939,85.95.236.113,46
8943,173.194.70.101,1
8944,46.51.238.1,14
8945,52.197.205.2,14
8946,103.216.221.19,5
8949,23.40.197.184,1
8967,17.248.185.200,1
8968,17.248.241.100,1
8969,17.248.241.102,1
8970,17.248.241.133,1
8971,17.248.241.135,1
8972,17.248.241.210,1
8973,17.248.241.235,1
8974,17.248.241.79,1
8975,23.75.68.223,1
8981,146.185.161.126,2
8982,162.253.144.139,1
8983,176.114.0.120,10
8984,176.99.6.127,8
8988,195.22.28.222,35
8990,104.21.85.104,1
8991,104.244.42.1,1
8992,104.244.42.134,1
8993,104.244.42.193,1
8994,104.244.42.198,1
8995,104.244.42.6,1
8996,104.244.42.65,1
8997,104.244.42.70,1
8998,172.67.204.156,1
8999,192.0.78.24,1
9001,207.148.248.143,1
9002,209.99.64.43,1
9003,141.98.212.55,5
9006,185.125.190.28,4
9007,209.58.186.196,5
9008,104.84.224.99,1
9009,104.84.226.58,1
9010,104.84.236.163,1
9011,104.86.105.16,1
9012,104.86.184.163,1
9013,104.94.237.169,1
9014,162.125.64.19,4
9015,17.125.250.130,1
9016,17.248.174.11,1
9017,17.248.174.16,1
9018,103.13.240.46,5
9021,103.73.188.101,31
9023,104.86.182.43,1
9025,200.125.133.28,56
9026,104.98.114.10,1
9027,104.98.114.17,1
9029,20.69.130.185,1
9031,23.99.222.162,1
9032,115.178.58.19,45
9033,23.62.99.144,2
9034,88.221.15.80,16
9035,200.63.46.23,44
9036,3.138.83.135,1
9037,176.74.216.14,50
9038,195.43.94.104,8
9039,104.18.107.8,1
9040,104.18.108.8,1
9043,104.19.184.120,1
9044,104.19.185.120,1
9045,104.201.54.25,1
9046,104.26.4.75,1
9047,104.26.5.75,1
9048,107.160.13.107,1
9049,104.26.7.37,1
9050,172.67.70.191,1
9051,104.71.212.138,1
9052,104.97.14.18,2
9053,104.97.14.90,2
9056,2.21.41.101,2
9057,23.216.147.28,1
9058,23.216.147.32,1
9059,35.244.247.133,1
9060,65.8.49.117,1
9061,65.8.49.25,1
9062,65.8.49.79,1
9063,65.8.49.83,1
9065,45.123.190.168,17
9066,172.232.12.155,1
9067,172.232.12.170,1
9069,23.62.208.138,1
9070,54.224.241.105,1
9071,139.99.167.177,28
9072,5.252.177.25,1
9073,89.33.246.82,24
9074,194.135.81.18,17
9075,195.206.181.169,4
9076,45.32.59.31,14
9077,159.65.184.99,1
9078,103.232.53.230,42
9079,45.179.89.37,29
9080,13.67.239.91,1
9081,37.120.247.163,24
9082,51.195.68.217,3
9083,185.193.126.172,53
9085,188.34.185.85,3
9086,23.29.115.180,1
9088,192.154.224.126,1
9089,23.82.128.144,1
9090,156.96.46.116,1
9091,51.38.85.225,4
9092,45.135.167.27,10
9093,37.120.247.135,24
9094,51.254.241.158,16
9095,185.158.250.239,4
9096,141.255.164.36,15
9097,152.44.45.10,1
9098,164.132.135.102,16
9099,169.239.128.132,48
9100,51.89.115.119,3
9101,185.140.55.35,2
9103,141.255.164.40,15
9104,103.193.4.101,22
9105,111.90.147.248,33
9106,152.89.160.81,54
9107,45.124.132.10,5
9108,178.157.13.168,46
9109,45.124.132.106,5
9110,190.97.165.171,37
9111,213.227.154.58,2
9112,185.207.205.174,2
9113,185.99.133.226,38
9114,193.36.119.162,5
9115,31.13.195.210,18
9117,91.195.240.87,3
9119,185.161.209.162,2
9127,199.59.243.200,1
9140,91.195.240.103,3
9154,64.190.113.11,1
9155,45.61.136.97,1
9157,104.156.239.24,14
9159,74.208.236.44,1
9160,35.208.203.186,1
9161,192.64.119.216,1
9162,165.73.244.55,1
9164,108.166.183.161,1
9165,162.0.224.91,1
9166,104.21.92.90,1
9167,172.67.190.222,1
9169,199.192.22.58,1
9170,145.14.144.78,1
9171,145.14.144.71,1
9172,145.14.144.162,1
9173,145.14.145.135,1
9174,145.14.145.59,1
9176,145.14.145.211,1
9177,145.14.145.227,1
9178,145.14.145.232,1
9179,145.14.144.216,1
9180,121.78.88.88,21
9181,121.78.88.90,21
9182,121.78.88.91,21
9183,185.176.43.98,18
9184,145.14.144.114,1
9185,145.14.144.9,1
9186,145.14.145.44,1
9187,145.14.145.147,1
9188,145.14.144.92,1
9189,145.14.144.18,1
9190,145.14.144.97,1
9191,145.14.145.222,1
9192,145.14.144.222,1
9193,145.14.145.168,1
9194,185.176.43.106,18
9195,121.78.88.92,21
9196,151.80.13.34,16
9197,172.105.162.84,28
9198,185.224.138.67,2
9199,211.218.126.205,21
9210,142.93.201.77,1
9211,185.101.225.51,26
9212,194.116.147.62,26
9213,31.193.224.58,26
9214,45.39.128.204,1
9215,23.238.157.67,1
9216,162.253.153.153,1
9217,87.98.231.19,16
9218,104.18.37.70,1
9219,104.18.36.70,1
9220,178.79.208.1,2
9224,20.54.111.233,6
9229,10.8.0.130,12
9230,116.253.60.133,5
9237,20.190.144.169,21
9238,20.190.144.170,21
9242,52.109.112.108,28
9244,52.109.56.91,31
9245,104.26.4.123,1
9246,104.26.5.123,1
9248,172.67.73.218,1
9252,162.125.3.14,1
9253,162.125.3.19,1
9254,162.125.6.14,1
9255,162.125.6.19,1
9257,103.216.216.53,5
9258,134.181.132.44,1
9259,134.181.132.45,1
9260,151.101.120.133,16
9261,173.239.5.6,1
9262,173.239.8.164,1
9263,18.205.93.0,1
9264,18.205.93.1,1
9265,18.205.93.2,1
9266,18.205.93.3,1
9267,20.190.159.133,6
9268,20.190.159.135,6
9269,20.190.159.137,6
9270,40.126.31.136,6
9271,40.126.31.138,6
9272,40.126.31.142,6
9273,40.126.31.2,6
9274,40.126.31.3,6
9275,40.126.31.5,6
9276,40.126.31.7,6
9277,104.18.210.56,1
9278,104.18.211.56,1
9279,104.19.132.58,1
9280,104.19.133.58,1
9281,104.19.134.58,1
9282,104.19.135.58,1
9283,104.19.136.58,1
9284,104.192.141.1,1
9285,104.86.239.56,1
9289,104.86.185.20,1
9290,17.248.185.198,1
9291,17.248.185.203,1
9292,17.248.185.204,1
9293,17.248.185.207,1
9294,17.248.185.209,1
9295,17.248.185.236,1
9299,17.248.174.19,1
9300,17.248.174.8,1
9301,17.248.185.202,1
9302,142.250.68.35,1
9303,142.250.72.227,1
9304,17.248.185.234,1
9305,17.253.144.10,1
9306,17.253.17.205,1
9307,17.248.200.1,1
9308,17.253.7.206,1
9309,17.253.7.207,1
9310,17.56.48.13,1
9311,17.57.144.151,1
9312,173.223.193.88,1
9313,213.180.204.127,8
9314,23.13.74.88,1
9315,23.207.53.148,1
9316,172.253.115.99,1
9317,142.250.188.202,1
9320,104.94.212.233,1
9321,184.28.221.112,1
9322,184.28.221.115,1
9326,112.175.246.91,21
9327,121.78.112.27,21
9329,211.196.153.6,21
9330,220.73.161.40,21
9333,185.176.43.112,18
9340,218.145.71.137,21
9348,108.177.98.95,1
9350,142.250.184.106,11
9351,142.250.184.74,1
9352,142.250.217.106,1
9353,142.250.217.74,1
9355,64.57.183.88,1
9356,64.98.135.41,1
9357,98.124.199.41,1
9358,5.252.198.93,14
9360,208.95.112.1,1
9361,103.204.254.107,1
9363,74.220.199.6,1
9364,110.93.132.196,21
9365,110.93.132.197,21
9371,58.215.47.238,5
9374,149.56.27.41,30
9375,173.194.218.113,1
9376,192.168.0.11,12
9377,88.99.13.69,3
9378,89.238.68.201,3
9389,222.122.86.177,21
9391,104.168.174.80,1
9392,54.153.56.183,1
9393,153.148.114.212,14
9394,153.148.11.245,14
9395,153.148.33.207,14
9397,104.255.172.56,1
9398,104.168.249.49,1
9399,172.86.121.130,1
9400,152.89.247.87,3
9403,184.168.221.50,1
9404,34.149.87.45,1
9405,54.184.58.211,1
9406,185.230.61.211,1
9407,34.117.168.233,1
9408,35.246.6.109,4
9409,185.230.60.102,1
9410,34.73.24.83,1
9411,185.230.60.161,1
9412,185.230.60.177,1
9413,185.230.60.96,1
9414,212.1.210.132,1
9415,49.212.207.148,14
9416,59.106.27.180,14
9417,52.219.68.62,14
9418,52.219.68.118,14
9419,52.219.68.138,14
9420,52.219.68.38,14
9421,52.219.4.54,14
9422,52.219.0.42,14
9423,52.219.4.114,14
9424,52.219.4.62,14
9425,52.219.4.82,14
9426,50.63.202.4,1
9427,143.244.145.172,1
9428,35.160.246.24,1
9429,44.227.76.166,1
9430,44.227.65.245,1
9431,166.88.62.202,1
9432,166.88.19.181,1
9433,68.68.98.160,1
9434,166.88.19.180,1
9435,35.169.225.248,1
9436,34.202.122.77,1
9437,52.0.7.30,1
9439,54.173.232.57,1
9440,153.148.112.36,14
9441,156.67.72.203,1
9442,185.230.63.107,1
9443,185.230.63.186,1
9444,185.230.63.171,1
9445,23.236.62.147,1
9448,146.112.61.108,1
9449,45.76.57.9,1
9450,72.52.4.119,1
9451,104.168.249.50,1
9452,104.168.198.3,1
9453,198.105.127.12,4
9454,69.164.219.77,1
9455,194.163.178.43,3
9456,195.2.71.8,8
9457,104.21.87.49,1
9458,89.163.146.125,3
9459,104.27.167.63,1
9460,104.27.166.63,1
9461,172.67.141.130,1
9462,162.0.234.84,1
9463,217.160.0.191,3
9464,217.160.0.62,3
9466,184.168.221.70,1
9468,54.231.170.237,1
9469,52.216.37.109,1
9470,52.216.112.50,1
9471,52.217.104.83,1
9472,52.217.225.125,1
9473,52.216.218.197,1
9474,52.216.132.194,1
9475,52.217.232.117,1
9476,52.217.64.99,1
9477,52.216.211.245,1
9479,139.180.164.131,28
9480,108.61.173.33,4
9483,18.244.115.180,4
9484,18.244.115.29,4
9485,18.244.115.4,4
9486,18.244.115.64,4
9488,52.84.122.161,1
9489,52.84.122.169,1
9490,17.248.174.5,1
9491,17.248.188.105,1
9492,17.248.188.113,1
9493,17.248.188.141,1
9494,17.248.188.142,1
9495,17.248.188.166,1
9496,17.248.188.168,1
9497,17.248.188.170,1
9501,192.168.0.10,12
9507,23.209.116.25,1
9509,23.216.147.67,1
9514,108.177.126.94,1
9517,108.177.127.100,1
9520,54.239.153.129,1
9521,54.239.153.212,1
9522,54.239.153.22,1
9523,54.239.153.47,1
9524,65.9.84.123,2
9525,65.9.84.138,2
9526,149.28.247.34,1
9527,23.52.55.67,2
9537,67.199.248.10,1
9538,67.199.248.11,1
9543,52.109.6.42,1
9549,47.96.225.209,5
9550,92.222.106.229,16
9551,156.238.183.160,45
9552,23.225.160.194,1
9555,162.241.219.44,1
9556,104.18.4.127,1
9557,104.18.5.127,1
9560,54.80.204.133,1
9563,217.21.74.14,22
9565,23.207.202.17,1
9566,54.226.210.44,1
9567,142.250.145.94,1
9569,176.9.247.226,3
9570,72.21.81.240,1
9571,18.212.222.136,1
9573,95.101.28.40,4
9574,104.104.73.199,1
9581,192.168.52.128,12
9582,185.47.40.36,47
9584,142.250.187.227,4
9585,8.252.68.126,1
9587,174.138.24.107,22
9589,23.40.197.194,1
9593,108.177.127.154,1
9594,108.177.127.155,1
9595,108.177.127.156,1
9596,108.177.127.157,1
9600,172.217.203.94,1
9601,173.194.217.94,1
9602,18.216.86.236,1
9603,69.28.165.128,1
9605,149.28.162.113,28
9606,172.105.27.36,30
9607,23.199.12.193,1
9608,23.55.62.81,1
9609,23.66.101.136,1
9610,65.33.26.12,1
9613,45.238.25.2,29
9614,84.201.189.216,8
9620,104.21.91.90,1
9621,172.67.214.197,1
9622,176.223.135.130,17
9623,103.152.255.55,23
9634,108.62.118.188,1
9635,204.16.247.23,1
9637,104.243.32.177,1
9638,108.61.57.104,1
9639,38.63.26.145,1
9640,38.48.172.150,1
9641,206.237.163.38,1
9642,35.186.223.180,1
9644,104.21.95.43,1
9645,104.27.184.80,1
9646,172.67.142.252,1
9647,104.27.185.80,1
9648,46.17.175.27,17
9649,52.50.248.86,6
9674,89.40.10.240,17
9675,104.21.66.157,1
9676,172.67.161.129,1
9683,104.21.63.16,1
9684,172.67.142.102,1
9685,84.32.188.242,2
9690,172.67.143.16,1
9691,104.21.63.41,1
9692,172.67.205.246,1
9693,104.21.22.174,1
9695,43.255.154.48,22
9696,184.168.221.46,1
9697,104.21.72.242,1
9698,172.67.155.234,1
9700,104.21.25.175,1
9701,172.67.134.109,1
9702,192.64.119.145,1
9703,62.77.153.51,17
9704,31.31.196.229,8
9712,199.59.243.201,1
9713,137.74.231.17,16
9714,172.67.139.12,1
9715,104.21.32.252,1
9716,209.58.169.92,22
9718,104.21.87.51,1
9719,172.67.141.132,1
9720,50.63.202.52,1
9721,172.67.145.18,1
9722,104.21.73.139,1
9723,172.67.206.162,1
9724,104.21.22.189,1
9725,209.58.169.93,22
9726,185.225.73.67,2
9728,20.103.85.33,2
9729,20.112.52.29,1
9730,20.53.203.50,28
9731,20.81.111.85,1
9732,20.84.181.62,1
9733,23.13.164.66,1
9734,23.205.105.152,1
9735,51.11.233.143,16
9742,157.55.46.240,6
9743,157.55.46.241,6
9745,23.101.187.68,1
9746,23.214.52.108,1
9749,45.12.253.202,2
9750,195.178.120.192,2
9751,145.14.145.95,1
9752,172.81.131.113,1
9754,91.134.207.16,16
9760,84.21.172.35,2
9761,178.211.40.226,46
9769,107.180.26.80,1
9770,18.223.88.164,1
9771,3.129.189.111,1
9772,3.21.66.22,1
9773,104.86.245.126,1
9777,206.237.163.39,1
9778,217.70.184.38,16
9779,217.70.185.71,16
9780,91.203.145.64,10
9781,1.182.48.35,5
9782,1.193.146.35,5
9783,1.71.157.35,5
9784,103.235.46.191,5
9785,103.85.189.205,5
9786,104.18.20.226,1
9787,104.18.21.226,1
9789,104.21.77.58,1
9790,104.21.90.38,1
9799,91.193.75.131,57
9801,178.211.40.234,46
9811,80.76.51.46,2
9812,160.152.169.228,58
9813,185.216.71.245,2
9814,13.88.28.53,1
9816,23.82.140.14,1
9818,91.92.120.179,18
9819,125.75.231.190,5
9823,23.216.147.197,1
9824,23.216.147.199,1
9826,23.39.44.16,1
9829,117.18.237.29,1
9833,69.175.35.98,1
9834,23.106.124.194,22
9835,45.147.231.232,3
9836,23.82.19.250,1
9837,45.84.204.148,17
9838,103.120.80.155,5
9839,103.139.0.32,5
9840,104.206.131.56,1
9841,45.203.119.49,5
9845,98.124.243.49,1
9846,64.74.223.49,1
9848,198.23.57.54,1
9849,66.40.52.188,1
9850,64.190.63.136,3
9853,199.59.243.221,1
9854,216.120.146.200,1
9855,199.59.243.202,1
9856,199.59.243.220,1
9859,199.59.242.152,1
9862,199.59.242.150,1
9863,185.27.134.114,4
9864,23.23.210.22,1
9865,199.59.243.120,1
9866,199.59.243.117,1
9867,216.120.146.201,1
9868,199.59.240.200,1
9869,199.59.243.210,1
9871,58.158.177.98,14
9872,8.23.224.90,1
9873,185.107.56.58,2
9874,185.107.56.59,2
9875,185.107.56.60,2
9876,185.107.56.57,2
9877,64.32.8.67,1
9878,46.166.182.109,2
9879,207.244.67.216,1
9880,5.79.68.110,2
9881,5.79.68.108,2
9882,207.244.67.214,1
9883,185.176.43.39,18
9884,83.125.22.161,3
9891,199.59.241.181,1
9892,94.126.16.60,15
9893,185.176.43.50,18
9894,83.125.22.163,3
9896,31.170.162.183,1
9898,199.59.240.10,1
9899,91.230.22.23,3
9900,136.243.147.81,3
9903,185.53.179.29,3
9904,91.195.240.70,3
9905,91.195.240.135,3
9906,212.227.255.128,3
9907,72.52.4.120,1
9908,54.72.9.51,6
9910,207.244.67.138,1
9911,63.143.32.86,1
9912,63.143.32.92,1
9913,63.143.32.90,1
9914,82.192.82.228,2
9915,66.81.203.199,1
9916,66.81.203.9,1
9917,66.81.203.134,1
9918,91.195.240.117,3
9919,209.99.64.52,1
9920,209.99.64.53,1
9923,86.104.15.248,18
9925,52.5.245.208,1
9927,8.5.1.49,1
9928,54.173.101.99,1
9929,52.1.1.78,1
9930,216.158.85.49,1
9931,127.0.0.2,12
9932,69.197.18.174,28
9933,69.197.18.175,28
9934,72.8.150.16,1
9935,82.98.86.173,3
9936,153.141.140.208,14
9937,104.17.162.41,1
9938,104.17.163.41,1
9940,112.137.167.20,33
9942,185.107.56.52,2
9945,185.176.43.55,18
9949,192.168.0.38,12
9951,162.210.195.123,1
9959,104.112.173.238,1
9963,65.211.34.3,1
9964,72.21.81.200,1
9965,78.39.236.6,34
9966,173.194.40.134,1
9967,173.194.40.136,1
9968,61.221.172.73,5
9969,185.176.43.54,18
9971,23.216.147.70,1
9974,10.6.139.114,12
9980,64.32.8.69,1
9981,95.211.219.66,2
9987,192.168.122.117,12
9988,192.168.122.254,12
9989,192.168.122.99,12
9990,199.59.243.121,1
9992,82.192.82.225,2
9993,213.186.33.99,16
9994,23.216.147.78,1
9995,104.127.186.211,1
9996,104.17.163.92,1
9997,104.17.164.92,1
9998,162.210.199.85,1
9999,185.107.56.192,2
10000,23.2.214.113,2
10001,23.206.80.35,2
10002,185.198.56.191,24
10003,194.67.71.128,8
10004,109.234.34.39,2
10005,66.81.203.196,1
10008,47.91.170.222,5
10011,184.168.221.69,1
10012,50.63.202.74,1
10013,107.180.47.119,1
10014,103.232.215.133,22
10015,209.141.47.237,1
10016,107.189.6.44,9
10017,95.142.40.121,8
10018,8.210.119.33,5
10019,209.141.53.30,1
10023,162.210.196.166,1
10024,199.115.115.118,1
10025,37.48.65.151,2
10026,81.171.22.7,2
10027,207.244.67.218,1
10028,37.48.65.153,2
10029,81.171.22.5,2
10030,81.171.22.4,2
10031,172.93.103.99,1
10032,199.115.115.119,1
10033,162.210.196.167,1
10034,172.93.103.100,1
10035,162.210.196.168,1
10036,37.48.65.154,2
10037,146.185.220.200,28
10038,199.195.251.8,1
10042,192.187.111.219,1
10043,81.17.18.196,15
10044,63.141.242.43,1
10047,45.153.241.167,3
10048,209.250.236.75,3
10052,149.202.29.77,16
10056,20.86.173.234,2
10058,23.219.197.161,4
10060,87.248.204.0,4
10061,104.208.16.94,1
10069,104.71.213.161,1
10072,104.96.203.51,1
10076,13.227.222.18,2
10077,85.14.253.178,3
10081,92.123.251.152,4
10088,193.178.169.243,2
10092,185.125.190.44,4
10093,185.125.190.45,4
10095,148.251.204.131,3
10096,78.128.92.29,18
10097,195.123.214.181,43
10098,192.229.221.95,1
10099,142.250.185.174,3
10101,216.239.32.29,1
10103,168.63.250.82,22
10104,20.190.160.20,2
10106,23.202.229.50,2
10107,104.111.87.125,14
10109,104.20.161.104,1
10110,104.97.15.51,2
10112,185.10.56.59,2
10115,169.254.90.118,12
10116,185.220.35.20,8
10117,104.117.7.5,1
10118,23.12.144.137,1
10119,23.12.147.166,1
10120,23.200.147.15,4
10121,23.207.202.184,1
10122,23.207.202.209,1
10123,23.54.187.27,1
10124,108.177.98.113,1
10125,74.125.195.94,1
10126,74.125.20.97,1
10127,192.168.122.103,12
10128,149.202.29.114,16
10129,188.138.98.105,16
10130,85.13.147.32,3
10131,216.239.36.117,1
10132,104.20.202.29,1
10134,184.168.221.80,1
10135,31.131.17.128,10
10136,159.65.147.28,31
10137,213.202.211.246,3
10138,195.2.93.160,2
10139,188.120.248.114,8
10140,176.77.112.74,8
10141,185.16.40.67,2
10142,87.247.152.249,10
10143,139.162.191.118,3
10144,45.67.229.148,49
10145,5.196.124.228,16
10146,109.170.6.150,8
10147,193.105.7.122,10
10148,5.62.43.252,4
10149,78.128.112.217,18
10150,213.109.192.116,11
10151,185.107.80.78,2
10152,177.54.145.139,29
10153,109.248.149.137,43
10154,45.133.216.39,43
10155,95.211.185.11,2
10156,45.87.154.208,2
10157,45.61.188.10,1
10158,104.244.77.97,9
10159,107.189.1.145,9
10160,209.141.50.24,1
10161,107.181.160.75,1
10162,79.134.225.126,3
10163,205.185.117.138,1
10164,206.54.191.37,1
10165,185.250.151.126,1
10166,199.80.55.66,1
10167,185.53.46.100,50
10168,138.124.180.127,1
10169,37.1.213.194,1
10170,185.233.80.149,3
10171,185.232.170.24,18
10172,45.142.215.148,43
10173,5.252.177.215,1
10174,206.54.190.230,1
10175,207.246.92.213,1
10176,107.189.11.206,9
10177,108.170.20.89,1
10178,37.252.4.131,57
10179,195.123.240.46,1
10180,195.123.243.169,1
10181,185.16.40.108,2
10182,112.175.85.243,21
10184,183.111.174.19,21
10185,210.114.6.156,21
10186,112.175.50.175,21
10188,210.16.120.212,22
10189,221.143.48.136,21
10190,139.99.89.153,22
10191,172.104.112.214,14
10192,183.111.100.193,21
10193,5.79.79.212,2
10194,173.208.96.44,1
10195,162.254.207.55,1
10196,5.79.79.210,2
10197,162.254.207.51,1
10198,5.79.79.211,2
10199,162.254.207.58,1
10200,23.82.12.29,1
10203,185.27.134.116,4
10204,185.27.134.115,4
10205,185.27.134.230,4
10208,185.27.134.126,4
10209,185.27.134.59,4
10210,185.27.134.134,4
10212,216.189.154.6,1
10213,45.58.52.173,1
10215,211.169.73.104,21
10216,180.67.205.238,21
10220,13.227.219.12,2
10221,13.227.219.20,2
10222,13.227.219.45,2
10223,13.227.219.94,2
10225,204.79.197.219,1
10226,34.216.113.46,1
10227,35.162.134.178,1
10245,104.219.248.19,1
10247,23.0.214.20,2
10248,23.2.210.160,2
10249,52.20.178.184,1
10250,54.211.63.14,1
10251,185.188.32.1,3
10252,185.188.32.23,3
10253,185.188.32.3,3
10255,162.0.209.91,1
10256,23.62.230.104,1
10257,104.18.12.104,1
10258,104.18.13.104,1
10260,104.18.8.141,1
10261,104.18.9.141,1
10262,104.24.8.18,1
10263,104.24.9.18,1
10264,104.26.0.248,1
10265,104.26.1.248,1
10266,10.150.0.40,12
10267,142.250.179.227,4
10268,142.250.179.237,4
10270,142.250.187.228,4
10271,142.250.187.238,4
10272,172.217.16.227,4
10274,172.217.169.14,4
10277,142.250.200.35,4
10278,142.250.207.3,14
10279,172.217.169.4,4
10280,172.217.169.45,4
10281,216.58.213.14,4
10282,216.58.213.3,4
10283,104.129.193.93,1
10284,104.16.248.249,1
10285,104.16.249.249,1
10286,108.156.93.150,1
10291,13.32.199.94,1
10293,142.250.180.13,4
10294,142.250.200.36,4
10295,142.250.200.46,4
10296,172.217.25.163,1
10297,216.58.212.195,4
10299,104.244.42.129,1
10301,104.18.166.45,1
10302,104.18.174.13,1
10303,108.138.225.131,4
10304,108.138.225.164,4
10305,108.138.225.210,4
10311,52.109.44.30,21
10312,52.109.77.0,6
10313,8.238.39.126,3
10316,108.177.127.84,1
10317,173.194.79.94,1
10319,34.104.35.123,1
10320,58.216.14.238,5
10321,104.114.160.25,1
10327,52.109.77.1,6
10330,192.124.249.22,1
10331,192.124.249.23,1
10332,192.124.249.24,1
10333,192.124.249.36,1
10334,192.124.249.41,1
10335,200.200.200.200,29
10336,118.128.149.119,21
10337,165.154.240.72,21
10338,165.154.240.58,21
10339,61.32.51.202,21
10340,210.92.18.164,21
10341,45.58.52.188,1
10342,79.133.41.237,3
10343,64.14.211.175,1
10344,37.172.80.104,16
10345,27.255.81.109,21
10346,27.102.112.58,21
10347,27.102.107.63,21
10348,45.58.55.73,1
10349,27.102.127.240,21
10350,27.102.102.70,21
10351,27.102.114.79,21
10352,27.255.81.71,21
10353,27.102.128.169,21
10354,31.172.80.104,3
10355,27.102.114.89,21
10356,216.189.149.78,1
10357,27.255.65.110,21
10358,210.16.121.137,22
10359,58.229.208.146,21
10360,216.189.157.89,1
10361,210.16.120.34,22
10362,173.205.125.124,1
10365,152.89.247.168,3
10367,95.179.136.252,2
10368,207.246.96.16,1
10371,45.11.19.103,3
10373,90.255.243.32,4
10374,81.174.159.246,4
10375,50.63.202.45,1
10376,64.44.101.93,1
10377,45.32.146.68,16
10378,212.91.7.33,20
10379,212.91.6.58,20
10380,160.20.147.28,3
10381,184.168.221.33,1
10382,106.185.55.194,14
10383,108.61.161.121,14
10384,45.147.230.109,3
10385,104.168.249.10,1
10387,198.54.115.230,1
10388,209.99.40.227,1
10389,221.161.197.55,21
10390,121.156.118.130,21
10392,66.85.157.67,1
10393,68.65.121.178,1
10394,172.86.128.230,1
10396,45.153.242.37,3
10398,155.138.219.140,1
10400,23.205.105.180,1
10403,87.248.205.0,4
10404,95.179.189.177,2
10406,17.250.98.209,1
10407,17.250.98.239,1
10408,17.250.98.39,1
10409,17.250.98.72,1
10410,17.250.99.102,1
10411,17.250.99.107,1
10412,17.250.99.41,1
10413,17.250.99.50,1
10414,17.250.99.77,1
10415,107.165.133.96,1
10416,156.246.168.185,1
10417,50.2.62.3,1
10418,17.248.241.146,1
10419,17.248.241.237,1
10421,17.253.17.203,1
10423,184.24.37.167,1
10424,184.26.157.73,1
10426,23.216.84.213,1
10427,23.216.84.24,1
10434,104.98.118.138,1
10435,104.98.118.155,1
10436,104.99.72.226,1
10437,108.138.90.131,1
10438,108.167.132.219,1
10439,139.59.158.98,3
10440,149.210.195.15,2
10441,162.214.193.175,1
10442,170.249.197.58,1
10443,213.186.33.4,16
10444,172.253.114.106,1
10445,185.2.168.30,4
10446,82.163.176.111,4
10447,20.189.173.22,1
10448,125.212.132.222,42
10449,173.194.215.139,1
10450,175.100.189.174,31
10452,192.168.122.179,12
10453,192.168.122.193,12
10454,192.168.122.222,12
10455,192.168.122.28,12
10456,192.168.122.56,12
10459,10.8.0.10,12
10460,10.8.0.11,12
10461,10.8.0.12,12
10462,10.8.0.3,12
10463,10.8.0.4,12
10464,10.8.0.5,12
10465,10.8.0.6,12
10466,10.8.0.8,12
10467,10.8.0.9,12
10488,155.138.159.45,30
10490,88.221.144.130,2
10500,184.105.177.75,1
10501,198.54.115.248,1
10502,216.58.212.238,4
10503,38.108.185.115,1
10504,38.108.185.62,1
10505,38.108.185.63,1
10506,38.108.185.65,1
10507,38.108.185.67,1
10508,38.108.185.69,1
10515,74.125.143.94,1
10516,104.200.67.96,1
10517,104.84.225.86,1
10518,142.250.105.138,1
10519,17.248.185.230,1
10521,17.248.188.102,1
10522,17.248.188.107,1
10523,17.248.188.165,1
10526,62.152.42.136,8
10527,62.152.42.139,8
10529,119.18.230.253,5
10530,210.137.6.37,14
10531,221.138.17.152,21
10532,104.76.210.80,1
10535,17.248.188.101,1
10536,17.248.188.135,1
10537,17.248.188.137,1
10538,17.248.188.143,1
10539,17.248.188.72,1
10540,17.248.188.78,1
10541,104.21.43.95,1
10542,104.26.0.60,1
10543,104.26.1.60,1
10544,151.139.128.14,1
10545,157.90.197.123,3
10546,172.67.177.153,1
10547,172.67.69.153,1
10548,188.114.96.0,1
10549,188.114.97.0,1
10550,92.123.143.193,4
10551,152.89.247.118,3
10554,173.194.69.100,1
10555,173.194.69.101,1
10556,173.194.69.102,1
10557,173.194.69.113,1
10558,173.194.69.138,1
10559,173.194.69.139,1
10560,211.236.42.52,21
10561,104.200.137.32,1
10562,84.38.133.16,2
10563,114.207.112.19,21
10564,20.194.29.89,21
10565,211.110.1.93,21
10566,61.100.5.186,21
10567,211.110.1.17,21
10568,3.39.208.187,21
10569,14.63.165.32,21
10570,50.192.28.29,1
10571,67.225.140.4,1
10572,137.184.15.189,1
10573,44.238.74.84,1
10574,84.38.133.145,2
10575,155.94.210.11,2
10576,185.29.8.162,13
10577,109.248.150.13,2
10578,192.186.183.133,1
10579,54.68.42.4,1
10580,193.56.28.251,4
10581,52.202.193.124,1
10582,151.106.2.139,16
10583,64.188.27.73,1
10584,66.154.102.91,1
10585,62.149.156.81,11
10586,162.33.179.165,1
10587,23.106.160.173,1
10588,52.79.92.249,21
10589,59.30.197.202,21
10591,54.159.59.99,1
10593,206.189.136.5,31
10594,185.29.8.18,13
10595,109.248.144.155,13
10596,13.88.245.250,30
10597,109.248.144.136,13
10598,45.57.245.17,30
10599,193.56.28.32,4
10600,23.81.246.131,1
10601,61.81.50.174,21
10602,15.235.33.14,30
10603,52.79.118.195,21
10604,200.127.121.99,39
10605,36.89.85.103,41
10606,131.161.253.190,59
10607,198.55.119.112,1
10608,45.58.112.77,1
10609,92.222.211.20,16
10610,104.21.36.66,1
10611,172.67.186.196,1
10612,194.163.162.64,3
10613,66.219.22.70,1
10614,66.219.22.66,1
10615,209.236.118.174,1
10616,13.248.196.204,1
10617,35.156.203.159,3
10618,66.219.22.239,1
10619,66.219.22.86,1
10620,66.219.22.121,1
10621,66.219.30.214,1
10626,66.219.22.140,1
10627,23.111.134.163,1
10630,54.72.130.67,6
10631,172.93.188.145,5
10632,151.80.74.171,16
10633,185.158.113.114,8
10635,192.64.119.221,1
10636,195.24.68.18,8
10637,192.64.119.35,1
10638,139.162.59.251,22
10639,111.92.162.30,41
10640,158.69.57.61,30
10641,45.139.186.128,8
10642,162.255.119.125,1
10647,137.74.114.135,16
10648,162.254.207.60,1
10650,199.115.115.116,1
10651,81.171.22.6,2
10653,185.107.56.210,2
10654,204.152.214.28,1
10655,173.208.96.46,1
10656,173.208.96.45,1
10658,162.221.190.147,1
10659,209.142.65.204,1
10660,173.254.214.217,1
10661,67.215.187.192,1
10664,81.17.29.149,15
10667,158.255.78.78,34
10668,88.135.36.71,34
10669,185.55.227.198,34
10670,185.55.224.20,34
10672,156.250.30.180,5
10673,148.72.23.134,1
10674,173.249.32.162,3
10675,173.212.194.140,3
10676,94.23.148.194,16
10682,162.223.89.11,1
10686,104.26.14.34,1
10687,104.26.15.34,1
10689,142.250.178.16,4
10690,142.250.179.240,4
10691,142.250.180.16,4
10692,142.250.187.208,4
10693,192.168.0.19,12
10694,104.26.12.125,1
10695,104.26.13.125,1
10696,142.250.125.128,1
10697,142.250.136.128,1
10698,142.250.148.128,1
10699,142.250.188.208,1
10700,104.18.16.141,1
10701,104.18.17.141,1
10702,108.177.119.128,1
10703,108.177.126.128,1
10704,108.177.127.128,1
10705,142.250.145.128,1
10706,142.250.153.128,1
10707,108.177.15.128,1
10708,142.250.187.240,4
10709,142.250.200.16,4
10710,142.250.200.48,4
10711,142.250.188.48,1
10713,104.18.25.173,1
10714,104.18.37.254,1
10715,104.18.9.110,1
10716,104.208.16.90,1
10717,104.244.42.131,1
10718,104.36.115.109,1
10719,104.85.1.163,2
10720,104.87.239.185,3
10721,104.97.14.105,2
10722,139.162.137.236,3
10724,142.250.81.208,1
10725,142.251.111.128,1
10726,142.251.16.128,1
10727,142.251.163.128,1
10728,178.32.30.3,16
10731,95.181.161.81,8
10732,106.185.47.119,14
10733,139.162.72.47,14
10734,156.245.169.188,5
10735,20.189.173.3,1
10737,185.117.75.34,2
10738,185.117.73.52,2
10739,185.183.96.7,2
10740,185.118.167.120,8
10741,3.129.246.94,1
10743,192.227.147.152,2
10744,107.174.68.60,1
10745,185.45.192.228,2
10746,88.119.170.124,2
10747,185.118.164.195,8
10748,185.183.97.25,24
10749,5.199.133.149,3
10750,87.236.212.22,2
10751,192.210.191.188,1
10752,95.181.161.49,8
10753,185.25.51.108,17
10754,89.163.252.232,3
10755,185.118.164.21,8
10756,45.142.212.61,49
10757,80.85.158.49,8
10758,95.181.161.50,8
10759,45.142.213.17,43
10760,185.141.27.143,2
10761,46.166.129.159,2
10762,88.119.171.213,2
10763,88.119.175.112,1
10764,87.236.212.184,2
10765,95.181.16.81,8
10766,45.153.231.104,8
10767,185.183.96.44,2
10768,185.141.27.211,2
10769,185.118.164.213,8
10770,185.118.164.165,8
10771,172.245.81.135,1
10772,7.236.212.22,1
10773,185.247.137.89,46
10774,51.255.219.222,16
10775,185.117.73.74,2
10776,23.95.215.100,1
10777,23.94.50.197,1
10778,185.183.98.242,2
10779,104.237.233.40,1
10780,107.173.181.139,1
10781,185.183.96.11,2
10782,107.175.0.140,1
10783,107.172.97.172,1
10784,185.141.27.156,2
10786,68.183.189.64,22
10787,23.82.12.31,1
10789,82.141.230.145,6
10790,216.245.197.46,1
10791,216.245.197.44,1
10792,216.245.197.41,1
10793,162.254.207.52,1
10795,162.254.207.54,1
10796,162.254.207.62,1
10798,162.254.207.56,1
10799,162.254.207.53,1
10800,179.43.114.116,39
10801,59.152.126.212,1
10802,208.91.197.44,1
10803,154.204.113.18,1
10804,185.187.171.212,1
10808,190.0.226.147,36
10809,88.119.179.17,17
10810,185.56.89.141,60
10811,185.106.210.183,46
10812,5.226.168.124,26
10813,5.226.172.148,26
10814,208.91.197.39,1
10815,46.151.212.201,61
10823,37.153.90.76,26
10824,209.200.154.51,1
10825,192.64.119.176,1
10826,185.225.17.77,24
10829,206.237.181.147,1
10830,185.56.89.196,60
10832,188.241.60.109,35
10833,46.151.212.202,61
10845,120.50.38.187,22
10849,74.6.143.25,30
10850,74.6.143.26,30
10851,74.6.231.20,1
10852,74.6.231.21,1
10854,98.137.11.163,1
10855,98.137.11.164,1
10856,161.5.6.206,40
10857,52.184.215.140,1
10858,119.206.200.181,21
10864,95.211.26.21,2
10867,15.197.142.173,1
10868,3.33.152.147,1
10869,119.235.255.197,41
10870,104.107.23.19,1
10871,137.254.120.23,1
10872,172.28.176.22,12
11051,173.231.189.15,1
11057,50.116.32.177,1
11058,5.39.220.224,2
11059,79.124.90.226,18
11060,212.114.52.24,3
11061,3.82.52.102,1
11064,35.226.233.137,1
11065,141.105.65.74,8
11066,194.67.209.186,8
11067,148.251.6.55,3
11068,173.231.184.104,1
11069,173.231.184.58,1
11070,63.251.126.8,22
11071,63.251.126.7,22
11072,195.22.4.21,35
11073,195.22.26.231,35
11074,195.22.26.252,35
11075,195.22.26.253,35
11076,195.22.26.254,35
11077,45.147.228.123,3
11078,198.50.170.69,30
11079,108.179.208.24,1
11080,5.44.100.108,3
11081,82.223.102.136,26
11082,144.91.92.220,3
11084,93.115.61.91,62
11085,193.203.50.150,10
11086,195.24.68.27,8
11087,91.189.114.21,8
11088,173.231.189.24,1
11089,173.231.184.59,1
11090,173.231.184.117,1
11091,173.231.189.14,1
11092,63.251.126.10,22
11093,195.22.28.198,35
11094,195.22.28.199,35
11095,195.22.28.197,35
11096,46.4.10.173,3
11097,209.99.40.225,1
11098,34.227.148.243,1
11099,173.231.184.57,1
11100,173.231.184.55,1
11101,173.231.184.54,1
11102,195.157.15.100,4
11103,63.251.126.12,22
11104,63.251.126.13,22
11105,63.251.126.6,22
11106,63.251.126.4,22
11107,185.162.8.12,2
11109,35.186.245.55,1
11110,172.67.143.88,1
11111,104.21.95.60,1
11112,109.205.169.12,15
11113,62.65.252.15,57
11116,138.201.125.238,3
11117,185.136.157.51,16
11122,64.190.62.111,3
11124,5.61.41.235,3
11125,8.210.66.206,5
11126,8.209.71.101,3
11127,35.228.15.217,32
11128,74.114.154.18,1
11129,74.114.154.22,1
11130,64.44.102.80,1
11131,66.44.102.80,1
11132,158.247.194.103,21
11134,149.154.157.11,11
11135,79.110.52.218,2
11136,45.153.241.162,3
11137,159.223.64.133,22
11138,68.183.88.126,31
11139,18.154.206.26,1
11140,18.154.206.21,1
11141,18.154.206.117,1
11142,18.154.206.116,1
11143,108.156.39.74,4
11144,108.156.39.14,4
11145,108.156.39.56,4
11146,108.156.39.57,4
11147,99.86.229.92,1
11148,99.86.229.101,1
11149,141.8.197.42,8
11150,141.8.192.151,8
11151,195.22.28.196,35
11153,178.62.201.47,2
11154,161.35.90.248,2
11155,159.89.167.139,31
11156,89.105.194.153,2
11158,45.66.137.51,1
11159,64.68.200.44,30
11160,185.141.62.32,18
11161,188.225.35.11,8
11162,107.180.24.242,1
11163,212.21.52.110,4
11165,173.231.184.122,1
11171,100.38.9.220,1
11172,192.168.0.42,12
11174,20.22.113.133,1
11176,20.96.52.198,1
11179,108.177.126.100,1
11182,108.177.126.113,1
11183,108.177.126.136,1
11184,108.177.126.138,1
11186,108.177.126.190,1
11187,108.177.126.91,1
11188,108.177.126.93,1
11190,108.177.119.105,1
11193,142.250.200.4,4
11194,142.250.217.67,1
11195,142.250.217.68,1
11196,142.250.217.99,1
11197,142.250.69.196,1
11198,142.251.211.227,1
11199,142.251.211.228,1
11200,104.21.70.66,1
11201,172.67.220.175,1
11203,188.114.96.3,1
11205,188.114.97.3,1
11206,192.168.122.101,12
11215,184.86.196.45,1
11219,52.109.20.82,1
11221,52.109.8.19,1
11222,34.160.111.145,1
11224,52.109.12.20,1
11228,104.87.85.175,1
11229,122.224.45.160,5
11232,23.59.252.178,14
11233,23.59.252.185,14
11234,23.62.230.203,1
11235,52.95.250.107,30
11238,85.17.156.37,2
11251,23.209.116.9,1
11252,117.27.251.131,5
11253,123.184.52.126,5
11254,123.184.53.40,5
11255,123.244.38.18,5
11256,123.244.41.219,5
11257,182.106.169.245,5
11258,182.106.174.150,5
11259,182.106.174.246,5
11260,182.106.174.248,5
11261,10.150.0.96,12
11264,52.109.8.21,1
11266,110.110.110.2,5
11267,23.200.224.66,1
11269,52.109.88.34,2
11276,70.32.39.219,1
11278,192.168.0.7,12
11279,27.255.64.231,21
11280,59.188.247.32,5
11281,82.146.35.240,8
11282,134.209.222.206,1
11283,37.59.60.199,16
11284,85.222.235.156,2
11285,94.249.192.182,3
11286,5.255.255.5,8
11287,5.255.255.60,8
11288,77.88.55.77,8
11289,77.88.55.80,8
11290,188.114.97.2,1
11291,188.114.96.1,1
11292,188.114.97.1,1
11293,0.18.227.41,12
